Date;Bitcoin;Ethereum;S&P500;GoTrend(E);GoTrend(B);Gold;Inflation;VIX;M2;Close
2015-08-03;265,083008;0,701897;2102,47;1;2;1090,210;1,75;12,55;12036,0;43,869999
2015-08-10;258,506989;1,56603;2091,69;1;2;1090,050;1,69;12,98;12064,7;42,5
2015-08-17;228,169006;1,35259;2089,50;1;2;1116,290;1,62;13,33;12097,8;40,450001
2015-08-24;228,761002;1,31927;2015,27;0;2;1136,630;1,55;23,39;12042,4;45,220001
2015-08-31;239,839996;1,29583;1951,37;0;1;1135,663;1,58;29,38;12077,4;46,049999
2015-09-07;230,511993;0,936003;1933,77;0;2;1131,590;1,55;27,73;12162,0;44,630001
2015-09-14;231,212006;0,938445;1955,56;1;2;1113,050;1,57;24,59;12188,2;44,68
2015-09-21;232,757004;0,720839;1977,72;0;2;1121,250;1,56;21,49;12134,6;45,700001
2015-09-28;238,259003;0,668379;1925,37;1;2;1134,270;1,47;23,86;12075,1;45,540001
2015-10-05;247,050003;0,634963;1933,27;1;2;1120,390;1,45;22,87;12172,2;49,630001
2015-10-12;261,643005;0,517734;2004,31;0;2;1148,760;1,55;17,69;12161,7;47,259998
2015-10-19;283,679993;0,616039;2017,71;0;2;1171,890;1,49;16,36;12168,5;44,599998
2015-10-26;325,431;1,05567;2049,71;1;2;1170,920;1,48;15,33;12134,0;46,59
2015-11-02;373,368011;1,02747;2085,81;1;4;1155,960;1,51;14,72;12250,4;44,290001
2015-11-09;320,165985;0,906368;2097,96;1;2;1111,900;1,58;15,19;12293,0;40,740002
2015-11-16;324,536011;0,968018;2055,78;1;2;1089,390;1,53;17,59;12324,6;40,389999
2015-11-23;371,294006;0,878614;2078,20;0;2;1075,580;1,57;16,75;12271,9;41,709999
2015-11-30;388,78299;0,8355;2087,13;1;2;1067,200;1,61;15,59;12305,7;39,970001
2015-12-07;433,755005;0,952884;2080,10;1;3;1066,490;1,58;15,87;12370,4;35,619999
2015-12-14;442,684998;0,903885;2039,55;1;2;1071,470;1,50;20,73;12408,3;34,73
2015-12-21;422,822998;0,856365;2037,01;0;2;1065,430;1,46;19,43;12463,4;38,099998
2015-12-28;430,010986;0,971905;2055,19;0;2;1073,467;1,50;16,21;12454,6;37,040001
2016-01-04;447,990997;0,999231;2049,58;0;2;1067,500;1,54;18,07;12487,9;33,16
2016-01-11;382,299011;1,32747;1959,15;1;2;1092,000;1,50;23,25;12542,9;29,42
2016-01-18;402,971008;2,1412;1907,78;1;2;1087,790;1,41;24,67;12498,9;32,189999
2016-01-25;368,766998;2,30604;1878,73;1;2;1095,670;1,33;25,36;12413,7;33,619999
2016-02-01;376,619995;2,96434;1911,91;1;2;1117,020;1,40;21,64;12456,6;30,889999
2016-02-08;407,230011;5,23973;1892,90;3;2;1146,350;1,33;22,97;12469,2;29,440001
2016-02-15;438,798004;4,65362;1849,48;2;2;1208,700;1,21;26,59;12535,6;29,639999
2016-02-22;433,503998;6,46835;1920,70;2;2;1208,790;1,27;21,59;12522,8;32,779999
2016-02-29;407,707001;11,3829;1936,61;3;2;1230,310;1,38;20,23;12550,9;35,919998
2016-03-07;414,065002;14,475;1991,99;4;2;1250,080;1,50;17,14;12649,1;38,5
2016-03-14;413,755005;10,3198;1999,98;4;2;1259,680;1,50;17,70;12673,0;39,439999
2016-03-21;426,765015;10,4192;2036,98;3;2;1247,010;1,58;14,82;12675,2;39,459999
2016-03-28;420,903992;11,6183;2039,88;4;2;1233,483;1,59;14,77;12725,6;36,790001
2016-04-04;421,563995;8,93634;2063,52;2;2;1227,070;1,63;13,71;12816,0;39,720001
2016-04-11;427,398987;9,3091;2048,67;2;2;1235,400;1,58;15,46;12830,5;40,360001
2016-04-18;458,554993;8,00135;2080,40;2;2;1242,540;1,56;13,88;12841,9;43,73
2016-04-25;451,875;8,8465;2094,81;2;2;1244,670;1,63;13,55;12684,8;45,919998
2016-05-02;458,548004;9,48293;2081,88;2;3;1252,588;1,69;14,67;12701,2;44,66
2016-05-09;457,567993;9,96235;2056,19;2;2;1282,110;1,62;15,37;12721,7;46,209999
2016-05-16;439,322998;14,2861;2065,25;4;2;1272,220;1,60;14,49;12737,6;47,75
2016-05-23;526,232971;12,3504;2047,05;5;2;1260,330;1,58;15,77;12691,0;49,330002
2016-05-30;574,97699;13,975;2088,94;4;3;1227,825;1,57;13,72;12678,3;48,619999
2016-06-06;672,783997;15,7437;2102,02;3;2;1218,760;1,54;13,83;12791,7;49,07
2016-06-13;763,781006;12,2342;2104,37;7;4;1260,510;1,54;16,15;12831,2;47,98
2016-06-20;629,367004;13,8502;2075,86;6;4;1287,230;1,44;19,56;12800,0;47,639999
2016-06-27;658,664001;11,7202;2065,12;3;3;1290,000;1,43;21,30;12729,8;48,990002
2016-07-04;649,359985;10,9476;2077,17;4;3;1325,450;1,40;16,45;12860,0;45,41
2016-07-11;679,458984;11,1587;2110,65;3;2;1359,240;1,42;14,41;12858,7;45,950001
2016-07-18;661,284973;12,7495;2159,39;4;2;1335,090;1,47;12,90;12860,9;44,189999
2016-07-25;624,68103;11,8759;2169,10;5;2;1323,600;1,49;12,27;12795,6;41,599998
2016-08-01;592,690002;10,9116;2170,05;4;3;1332,940;1,49;12,58;12888,1;41,799999
2016-08-08;570,473022;11,1948;2169,77;2;2;1353,260;1,48;12,31;12962,2;44,490002
2016-08-15;581,307983;11,1792;2183,44;1;2;1341,040;1,46;11,75;12967,3;48,52
2016-08-22;573,911987;10,9293;2182,78;2;2;1344,020;1,47;11,97;12938,7;47,639999
2016-08-29;608,633972;11,6799;2176,85;3;2;1331,300;1,48;13,21;12920,5;44,439999
2016-09-05;606,718994;11,6384;2174,48;2;2;1315,760;1,46;13,00;13030,9;45,880001
2016-09-12;609,874023;12,4312;2168,16;2;2;1337,990;1,51;13,83;13073,6;43,029999
2016-09-19;600,825989;13,1009;2135,67;2;2;1320,220;1,50;16,64;13030,6;44,48
2016-09-26;610,892029;13,1997;2158,17;2;2;1327,930;1,53;13,61;12937,9;48,240002
2016-10-03;616,752014;12,0537;2162,38;2;2;1325,610;1,57;13,27;13049,5;49,810001
2016-10-10;641,630981;11,9516;2157,68;3;2;1273,150;1,63;13,26;13101,5;50,349998
2016-10-17;657,070984;12,036;2133,59;2;2;1255,790;1,65;16,06;13121,5;50,849998
2016-10-24;701,864014;11,1828;2143,54;2;2;1266,310;1,67;13,96;13032,1;48,700001
2016-10-31;711,521973;10,8735;2133,64;2;2;1270,520;1,72;15,26;13083,0;44,07
2016-11-07;702,031006;10,1015;2103,00;2;2;1292,350;1,70;20,24;13165,8;43,41
2016-11-14;731,026001;9,57928;2159,79;2;2;1269,540;1,82;15,30;13211,3;45,689999
2016-11-21;732,034973;8,99847;2184,91;2;2;1221,530;1,87;13,14;13222,7;46,060001
2016-11-28;773,872009;7,44368;2205,68;2;2;1198,930;1,89;12,58;13192,1;51,68
2016-12-05;769,731018;8,19362;2198,24;2;2;1176,000;1,92;13,31;13266,8;51,5
2016-12-12;790,530029;7,86532;2243,25;1;2;1168,090;1,95;12,21;13288,5;51,900002
2016-12-19;896,182983;7,17508;2261,53;2;3;1144,640;1,90;12,52;13309,2;53,02
2016-12-26;998,325012;8,17257;2265,17;2;4;1132,175;1,93;11,40;13303,6;53,720001
2017-01-02;911,198975;10,2898;2251,72;4;6;1148,550;1,96;13,09;13353,7;53,990002
2017-01-09;821,797974;9,90426;2268,69;3;4;1168,340;1,97;11,85;13377,3;52,369999
2017-01-16;924,672974;10,7032;2272,33;2;3;1195,300;1,98;11,38;13341,7;52,419998
2017-01-23;919,495972;10,484;2268,00;2;3;1209,240;2,01;12,09;13242,1;53,169998
2017-01-30;1027,339966;11,353;2290,14;2;3;1196,480;2,07;10,99;13188,2;53,830002
2017-02-06;999,18103;11,3992;2285,85;2;3;1213,550;2,04;11,61;13285,3;53,860001
2017-02-13;1047,869995;12,7585;2307,99;3;3;1232,700;1,99;11,11;13305,4;53,400002
2017-02-20;1165,199951;14,52;2346,30;3;4;1233,660;2,03;11,49;13308,1;53,990002
2017-02-27;1267,119995;19,302299;2365,82;9;4;1243,030;2,02;11,72;13330,3;53,330002
2017-03-06;1221,380005;23,4377;2379,99;5;5;1240,230;2,02;11,89;13455,8;48,490002
2017-03-13;1036,73999;44,740101;2368,46;17;4;1209,190;2,01;11,72;13509,9;48,779999
2017-03-20;966,724976;50,521599;2376,76;11;4;1218,630;2,01;11,55;13509,0;47,970001
2017-03-27;1102,170044;48,748699;2344,80;10;3;1245,390;1,97;12,77;13477,8;50,599998
2017-04-03;1187,869995;43,266998;2361,86;8;3;1249,080;1,97;11,85;13589,5;52,240002
2017-04-10;1182,939941;48,718498;2356,66;6;3;1256,560;1,95;12,80;13640,2;53,18
2017-04-17;1207,209961;48,4893;2344,17;7;3;1271,367;1,90;15,37;13680,7;49,619999
2017-04-24;1347,890015;79,021202;2351,81;11;3;1280,050;1,85;13,79;13476,0;49,330002
2017-05-01;1596,709961;94,007301;2387,47;21;5;1266,325;1,91;10,58;13456,6;46,220001
2017-05-08;1808,910034;90,786499;2393,50;15;7;1242,940;1,87;10,41;13479,4;47,84
2017-05-15;2041,199951;157,936996;2396,84;17;7;1225,700;1,85;10,32;13497,8;50,330002
2017-05-22;2155,800049;170,511002;2379,83;60;17;1249,420;1,81;12,77;13474,6;49,799999
2017-05-29;2511,810059;245,332001;2408,43;46;10;1258,338;1,81;10,14;13460,4;47,66
2017-06-05;2958,110107;340,609009;2425,99;56;10;1266,880;1,80;10,10;13562,0;45,830002
2017-06-12;2548,290039;371,458008;2431,48;84;10;1281,770;1,77;10,63;13555,6;44,740002
2017-06-19;2589,409912;303,247986;2439,47;68;8;1259,500;1,69;10,54;13534,9;43,009998
2017-06-26;2506,469971;287,987;2436,90;61;8;1248,420;1,68;10,40;13456,4;46,040001
2017-07-03;2518,439941;242,136993;2426,44;36;7;1245,410;1,73;10,99;13568,8;44,23
2017-07-10;1929,819946;157,363007;2423,73;47;7;1219,680;1,74;11,48;13624,4;46,540001
2017-07-17;2730,399902;225,951004;2447,00;47;9;1220,300;1,76;10,08;13614,0;45,77
2017-07-24;2757,179932;197,977997;2470,07;29;8;1243,320;1,77;9,61;13529,5;49,709999
2017-07-31;3213,939941;261,566986;2474,56;27;12;1257,080;1,82;9,94;13586,8;49,580002
2017-08-07;4073,26001;298,063995;2476,76;37;11;1264,470;1,79;10,15;13676,6;48,82
2017-08-14;4087,659912;301,428009;2458,86;33;16;1275,540;1,80;13,19;13667,5;48,509998
2017-08-21;4382,879883;347,893005;2443,33;30;12;1284,725;1,77;13,36;13663,0;47,869999
2017-08-28;4582,959961;347,484009;2444,56;35;13;1286,125;1,75;11,69;13631,9;47,290001
2017-09-04;4122,939941;288,747009;2463,02;30;12;1318,560;1,76;10,91;13721,4;47,48
2017-09-11;3582,879883;251,748993;2467,61;26;15;1340,280;1,80;11,65;13749,9;49,889999
2017-09-18;3682,840088;282,483002;2498,91;22;11;1324,180;1,85;10,37;13726,4;50,66
2017-09-25;4403,740234;302,337006;2502,87;18;9;1302,640;1,85;9,89;13618,6;51,669998
2017-10-02;4610,47998;308,608002;2512,48;17;9;1288,510;1,85;9,71;13743,2;49,290001
2017-10-09;5678,189941;336,595001;2543,69;22;14;1275,000;1,86;9,66;13783,0;51,450001
2017-10-16;6008,419922;295,446014;2553,52;27;14;1294,660;1,87;9,87;13793,9;51,470001
2017-10-23;6153,850098;305,088013;2564,58;21;15;1281,850;1,85;10,29;13709,4;53,900002
2017-10-30;7407,410156;296,263;2568,12;26;22;1273,970;1,88;10,80;13716,1;55,639999
2017-11-06;5950,069824;307,90799;2582,69;28;23;1275,390;1,87;9,77;13827,1;56,740002
2017-11-13;8036,490234;354,385986;2587,36;26;26;1281,090;1,88;10,59;13830,3;56,549999
2017-11-20;9330,549805;471,329987;2578,02;45;22;1282,660;1,85;11,71;13826,0;58,950001
2017-11-27;11323,2002;465,852997;2599,99;69;64;1287,590;1,84;9,79;13808,5;58,360001
2017-12-04;15455,40039;441,721008;2636,47;80;95;1285,450;1,85;11,02;13883,2;57,360001
2017-12-11;19140,80078;719,974976;2641,46;98;82;1259,700;1,87;10,29;13940,2;57,299999
2017-12-18;13925,79981;694,14801;2668,99;89;100;1251,300;1,88;9,91;13971,0;58,470001
2017-12-25;14156,40039;756,732971;2682,16;58;57;1265,738;1,93;9,82;13939,6;60,419998
2018-01-01;16477,59961;1153,170044;2681,07;78;40;1291,167;1,95;10,49;13968,0;61,439999
2018-01-08;13772;1366,77002;2724,74;100;39;1315,560;2,00;9,38;13974,8;64,300003
2018-01-15;11600,09961;1049,579956;2763,33;83;53;1326,470;2,02;9,99;13925,8;63,369999
2018-01-22;11786,29981;1246,01001;2804,06;44;33;1334,400;2,05;11,62;13828,8;66,139999
2018-01-29;8277,009766;834,682007;2848,46;47;35;1350,120;2,08;11,81;13750,5;65,449997
2018-02-05;8129,970215;814,659973;2775,86;46;44;1342,450;2,11;19,29;13844,6;59,200001
2018-02-12;10551,79981;923,921021;2646,67;29;23;1324,390;2,08;29,17;13840,5;61,68
2018-02-19;9664,730469;844,809998;2706,25;25;21;1343,970;2,09;20,71;13847,3;63,549999
2018-02-26;11512,59961;866,677979;2729,69;19;15;1331,490;2,12;18,33;13846,3;61,25
2018-03-05;9578,629883;723,338989;2709,59;19;17;1321,470;2,12;19,85;13998,3;62,040001
2018-03-12;8223,679688;538,643982;2752,70;21;17;1323,890;2,12;16,62;14020,5;62,34
2018-03-19;8495,780273;524,286987;2745,41;21;16;1319,750;2,08;17,00;14024,2;65,879997
2018-03-26;6844,22998;379,606995;2663,87;22;15;1329,740;2,08;21,06;13999,7;64,940002
2018-04-02;7023,52002;400,507996;2610,09;19;14;1338,533;2,06;22,24;14156,6;62,060001
2018-04-09;8329,110352;531,702026;2627,92;15;14;1332,180;2,08;20,67;14154,3;67,389999
2018-04-16;8802,459961;621,859985;2659,44;16;12;1342,440;2,11;18,63;14175,8;68,379997
2018-04-23;9419,080078;688,880981;2689,72;18;14;1341,110;2,16;16,01;14020,7;68,099998
2018-04-30;9654,799805;792,310974;2651,77;19;10;1321,780;2,17;16,69;13937,0;69,720001
2018-05-07;8723,94043;733,495972;2651,25;19;11;1310,650;2,16;15,38;13996,4;70,699997
2018-05-14;8513,25;715,369019;2710,13;14;10;1315,440;2,16;13,39;14012,7;71,279999
2018-05-21;7368,220215;572,66803;2720,00;14;18;1292,740;2,16;13,60;13996,8;67,879997
2018-05-28;7720,25;618,328979;2726,71;10;17;1297,050;2,13;12,89;13980,3;65,809998
2018-06-04;6786,02002;526,479004;2720,13;10;15;1299,590;2,08;14,72;14101,7;65,739998
2018-06-11;6499,27002;500,447998;2770,51;16;23;1296,210;2,13;12,14;14111,8;65,059998
2018-06-18;6173,22998;457,671997;2779,68;10;20;1295,870;2,12;12,34;14128,9;68,580002
2018-06-25;6385,819824;453,917999;2750,32;11;20;1271,090;2,11;14,38;14008,4;74,150002
2018-07-02;6773,879883;489,118988;2716,82;10;16;1252,800;2,12;16,47;14133,4;73,800003
2018-07-09;6359,640137;449,850006;2748,46;10;16;1254,410;2,13;14,29;14170,0;71,010002
2018-07-16;7418,490234;459,657013;2793,18;10;20;1246,790;2,11;12,77;14160,5;70,459999
2018-07-23;8218,459961;466,665009;2807,69;10;20;1227,760;2,10;12,50;14078,5;68,690002
2018-07-30;7068,47998;410,515991;2825,07;10;17;1224,880;2,12;12,83;14090,3;68,489998
2018-08-06;6322,689941;319,570007;2829,52;12;18;1215,850;2,12;12,22;14190,8;67,629997
2018-08-13;6506,069824;300,834015;2844,99;21;18;1211,860;2,11;12,20;14198,9;65,910004
2018-08-20;6707,259766;275,196991;2841,24;11;16;1185,420;2,08;13,31;14188,0;68,720001
2018-08-27;7272,720215;294,371002;2870,64;9;15;1192,050;2,09;12,33;14151,9;69,800003
2018-09-03;6300,859863;196,923996;2903,55;11;16;1205,590;2,10;12,79;14244,0;67,75
2018-09-10;6517,180176;220,589005;2882,44;13;15;1198,260;2,09;14,15;14248,7;68,989998
2018-09-17;6710,629883;244,330002;2894,95;8;13;1200,290;2,11;12,90;14254,7;70,779999
2018-09-24;6625,560059;232,848007;2918,41;8;12;1202,350;2,15;12,04;14135,3;73,25
2018-10-01;6602,950195;226,119003;2914,82;8;11;1192,610;2,15;12,37;14223,9;74,339996
2018-10-08;6290,930176;195,714996;2904,11;7;11;1198,300;2,15;13,68;14235,5;71,339996
2018-10-15;6482,350098;205,141998;2782,46;7;11;1205,330;2,14;21,30;14265,4;69,120003
2018-10-22;6486,390137;205,365997;2782,31;6;10;1226,270;2,12;18,92;14211,4;67,589996
2018-10-29;6376,129883;207,485992;2680,46;6;10;1233,240;2,07;23,80;14174,7;63,139999
2018-11-05;6411,27002;211,339996;2719,22;6;10;1225,610;2,05;20,68;14265,5;60,189999
2018-11-12;5623,540039;177,067001;2776,68;6;15;1223,890;2,06;18,16;14254,8;56,459999
2018-11-19;4009,969971;116,449997;2716,19;8;20;1209,790;2,01;19,90;14293,0;50,419998
2018-11-26;4139,87793;116,388901;2649,46;7;23;1224,830;1,97;20,93;14243,5;50,93
2018-12-03;3614,234375;95,142059;2742,85;10;18;1223,240;1,95;18,16;14371,7;52,610001
2018-12-10;3252,839111;85,2621;2666,70;6;18;1239,970;1,90;21,95;14415,7;51,200001
2018-12-17;3998,980225;130,765259;2616,86;7;18;1243,140;1,82;22,00;14436,1;45,59
2018-12-24;3865,952637;139,859451;2457,65;8;15;1254,250;1,78;29,14;14503,7;45,330002
2018-12-31;4076,632568;157,746201;2487,28;10;12;1276,667;1,74;28,53;14551,4;47,959999
2019-01-07;3552,953125;116,897804;2509,89;8;13;1289,250;1,73;22,86;14556,7;51,59
2019-01-14;3601,013672;119,474831;2586,98;7;10;1288,820;1,82;19,44;14508,0;53,799999
2019-01-21;3583,96582;113,405289;2633,27;5;10;1287,520;1,81;18,38;14416,3;53,689999
2019-01-28;3464,013428;107,492668;2644,51;5;10;1286,670;1,79;19,10;14347,1;55,259998
2019-02-04;3690,188232;124,806488;2691,31;5;11;1315,110;1,84;17,05;14411,8;52,720001
2019-02-11;3673,836182;133,598877;2718,61;5;10;1310,360;1,84;15,80;14415,9;55,59
2019-02-18;3810,42749;135,852661;2754,77;8;11;1314,070;1,85;15,55;14416,1;57,259998
2019-02-25;3847,175781;132,24942;2785,62;7;11;1332,350;1,90;14,34;14395,5;55,799999
2019-03-04;3951,599854;136,758682;2793,45;4;10;1315,370;1,94;14,57;14541,0;56,07
2019-03-11;4025,229004;140,000549;2767,28;5;9;1289,480;1,91;15,49;14584,7;58,52
2019-03-18;4022,168213;136,986923;2813,27;4;10;1302,510;1,93;13,33;14595,4;59,040001
2019-03-25;4105,404297;141,514099;2822,15;4;10;1311,820;1,93;14,78;14556,0;60,139999
2019-04-01;5198,896973;174,531647;2828,17;7;19;1304,690;1,86;14,27;14676,4;63,080002
2019-04-08;5167,722168;167,838516;2881,71;6;16;1291,330;1,90;13,34;14724,4;63,889999
2019-04-15;5314,53125;170,046524;2893,54;5;12;1298,840;1,94;12,99;14746,8;64
2019-04-22;5285,13916;157,295074;2905,13;6;13;1278,783;1,95;12,32;14613,6;63,299999
2019-04-29;5795,708496;163,450699;2934,00;5;12;1277,750;1,96;12,90;14498,8;61,939999
2019-05-06;6972,371582;187,325317;2933,04;6;17;1277,113;1,92;14,13;14576,1;61,66
2019-05-13;8197,689453;261,292206;2865,49;13;29;1284,300;1,86;18,88;14573,5;62,759998
2019-05-20;8673,21582;267,069641;2852,29;8;22;1290,620;1,83;16,41;14597,7;58,630001
2019-05-27;8742,958008;270,225525;2842,23;9;22;1276,863;1,78;15,62;14587,6;53,5
2019-06-03;7688,077148;233,0867;2774,16;5;18;1290,760;1,74;18,05;14719,8;53,990002
2019-06-10;8994,488281;269,223206;2846,60;6;16;1332,180;1,74;16,25;14761,4;52,509998
2019-06-17;10855,37109;307,827789;2886,77;9;27;1336,150;1,67;15,67;14802,4;57,43
2019-06-24;10817,15527;290,695984;2938,84;13;44;1372,480;1,70;14,98;14681,3;58,470001
2019-07-01;11450,84668;305,700562;2932,43;8;25;1408,360;1,69;15,49;14800,5;57,509998
2019-07-08;10256,05859;227,578064;2983,80;16;24;1410,550;1,67;13,19;14876,7;60,209999
2019-07-15;10599,10547;225,630768;3000,14;19;23;1405,660;1,75;13,02;14832,2;55,630001
2019-07-22;9552,860352;211,186554;2989,04;4;18;1419,860;1,79;13,67;14800,0;56,200001
2019-07-29;10970,18457;222,669724;3015,11;5;16;1421,330;1,79;12,48;14811,5;55,66
2019-08-05;11523,5791;216,092865;2944,78;4;20;1431,780;1,70;18,03;14946,2;54,5
2019-08-12;10345,81055;194,49353;2901,25;5;17;1490,470;1,63;19,13;14929,3;54,869999
2019-08-19;10138,51758;186,842392;2885,37;4;16;1510,720;1,57;19,23;14914,7;54,169998
2019-08-26;9757,970703;171,629425;2894,68;5;14;1499,125;1,54;17,83;14853,0;55,099998
2019-09-02;10441,27637;181,35553;2902,04;3;13;1532,030;1,56;19,13;14968,1;56,52
2019-09-09;10347,71289;189,789124;2955,44;4;12;1525,750;1,54;16,71;15018,9;54,849998
2019-09-16;10070,39258;211,54538;2999,05;5;11;1499,910;1,63;14,49;15025,3;58,09
2019-09-23;8104,185547;170,503479;3000,61;4;17;1504,700;1,62;14,53;14955,2;55,91
2019-09-30;7988,155762;173,059143;2973,52;4;13;1508,380;1,56;16,51;15035,2;52,810001
2019-10-07;8321,005859;182,07515;2925,86;4;13;1493,160;1,50;18,63;15136,8;54,700001
2019-10-14;8222,078125;175,534378;2937,40;3;11;1500,830;1,51;17,33;15148,5;53,779999
2019-10-21;9551,714844;184,242218;2995,25;3;15;1488,150;1,59;13,85;15139,5;56,66
2019-10-28;9235,354492;182,425018;3014,55;4;14;1496,050;1,63;13,59;15100,9;56,200001
2019-11-04;9055,526367;189,47728;3053,28;3;12;1501,670;1,59;12,78;15243,0;57,240002
2019-11-11;8577,975586;185,119232;3083,33;4;11;1481,920;1,69;12,64;15245,1;57,720001
2019-11-18;7047,916992;142,834702;3105,00;4;13;1462,020;1,65;12,65;15304,4;57,77
2019-11-25;7424,29248;151,18573;3115,22;4;13;1468,050;1,62;12,60;15254,0;55,169998
2019-12-02;7564,345215;151,264725;3137,25;4;11;1457,770;1,63;12,71;15349,7;59,200001
2019-12-09;7152,301758;143,11499;3121,05;3;11;1471,860;1,67;14,95;15359,3;60,07
2019-12-16;7511,588867;132,372513;3160,59;4;12;1471,040;1,71;13,88;15451,2;60,439999
2019-12-23;7422,652832;134,75798;3206,85;4;11;1478,510;1,76;12,50;15464,2;61,720001
2019-12-30;7411,317383;136,276779;3231,15;4;12;1504,317;1,74;13,39;15475,7;63,049999
2020-01-06;8192,494141;145,873932;3242,44;5;14;1541,950;1,77;13,53;15507,7;59,040001
2020-01-13;8706,245117;166,969849;3263,68;6;14;1559,270;1,75;12,93;15475,9;58,540001
2020-01-20;8596,830078;168,077103;3304,72;5;12;1553,560;1,75;12,31;15429,1;54,189999
2020-01-27;9344,365234;188,617538;3301,44;6;13;1562,740;1,69;14,31;15316,3;51,560001
2020-02-03;10116,67383;228,578568;3261,55;8;14;1578,180;1,64;16,99;15381,7;50,32
2020-02-10;9934,433594;259,894714;3331,57;11;17;1565,550;1,66;15,33;15384,3;52,049999
2020-02-17;9924,515625;273,75415;3372,83;8;15;1573,220;1,66;14,19;15415,4;53,380001
2020-02-24;8562,454102;218,970596;3338,66;6;15;1624,820;1,63;17,38;15350,4;44,759998
2020-03-02;8108,116211;200,689056;3053,56;5;13;1637,300;1,48;33,62;15515,6;41,279999
2020-03-09;5392,314941;125,214302;2975,27;7;26;1650,980;1,32;40,97;15651,1;31,73
2020-03-16;5830,254883;123,321152;2640,28;6;24;1609,870;0,90;63,44;15846,6;22,43
2020-03-23;5922,042969;125,583733;2375,80;5;18;1491,600;0,66;70,40;16220,3;21,51
2020-03-30;6791,129395;143,546646;2544,22;4;15;1617,240;1,00;61,85;16642,5;28,34
2020-04-06;6971,091797;161,142426;2546,86;6;15;1606,660;1,01;50,71;16801,2;22,76
2020-04-13;7189,424805;181,61496;2740,21;5;14;1654,583;1,21;43,22;16948,7;18,27
2020-04-20;7679,867188;197,317535;2825,34;7;14;1704,810;1,09;40,14;17209,2;16,940001
2020-04-27;8897,46875;210,933151;2809,78;8;21;1710,660;1,07;39,60;17348,3;19,780001
2020-05-04;8756,430664;188,599564;2877,76;8;23;1701,520;1,10;34,42;17564,6;24,74
2020-05-11;9670,739258;207,158691;2891,63;7;28;1695,663;1,11;30,94;17702,6;29,43
2020-05-18;8790,368164;202,370346;2872,05;7;18;1722,290;1,10;32,42;17834,6;33,25
2020-05-25;9461,058594;230,975708;2949,63;7;15;1737,638;1,14;29,05;17809,9;35,490002
2020-06-01;9758,852539;245,167252;3031,53;9;16;1722,330;1,16;27,99;17940,9;39,549999
2020-06-08;9386,788086;234,1147;3148,47;7;15;1713,170;1,23;25,73;18053,3;36,259998
2020-06-15;9303,629883;228,989822;3101,46;7;13;1720,660;1,24;33,28;18142,0;39,75
2020-06-22;9143,582031;225,347168;3113,83;6;13;1730,460;1,29;33,39;18134,3;38,490002
2020-06-29;9073,942383;227,664597;3065,53;5;13;1764,350;1,34;32,79;18188,1;40,650002
2020-07-06;9276,5;242,131699;3131,47;8;13;1775,800;1,39;28,67;18370,0;40,549999
2020-07-13;9185,817383;238,487518;3161,51;6;15;1800,220;1,41;29,25;18374,0;40,59
2020-07-20;9905,166992;309,643616;3223,24;10;13;1805,060;1,43;27,08;18273,4;41,290001
2020-07-27;11053,61426;370,671722;3244,80;18;22;1878,190;1,50;25,16;18140,8;40,27
2020-08-03;11675,73926;391,120453;3257,77;19;22;1957,170;1,54;24,61;18252,6;41,220001
2020-08-10;11892,80371;433,786621;3339,04;15;18;2029,530;1,61;22,75;18319,8;42,009998
2020-08-17;11664,84766;391,384491;3368,46;12;17;1951,490;1,66;22,37;18392,5;42,34
2020-08-24;11711,50586;428,395721;3395,72;9;14;1961,350;1,66;22,34;18292,4;42,970001
2020-08-31;10280,35156;353,362274;3483,04;14;15;1934,650;1,74;23,83;18411,2;39,77
2020-09-07;10323,75586;365,570007;3497,38;9;13;1951,410;1,71;29,26;18545,5;37,330002
2020-09-14;10938,27148;371,052826;3358,90;8;12;1936,120;1,68;28,54;18630,0;41,110001
2020-09-21;10774,42676;357,321686;3348,85;7;11;1950,020;1,66;26,34;18583,7;40,25
2020-09-28;10684,42871;353,121918;3289,83;6;11;1872,590;1,60;27,30;18525,5;37,049999
2020-10-05;11384,18164;375,142059;3367,27;6;11;1893,480;1,64;26,99;18667,3;40,599998
2020-10-12;11483,35938;378,213684;3447,72;7;12;1904,810;1,71;26,79;18681,4;40,880001
2020-10-19;13031,17383;406,217773;3478,93;9;19;1905,430;1,70;27,21;18737,7;39,849998
2020-10-26;13737,10938;396,358185;3439,71;9;18;1910,870;1,74;29,22;18676,5;35,790001
2020-11-02;15479,56738;453,554779;3310,40;8;18;1887,030;1,71;37,27;18866,0;37,139999
2020-11-09;15955,58789;447,559082;3476,60;12;21;1922,120;1,68;28,66;18945,1;40,130001
2020-11-16;18370,00195;558,068115;3573,45;17;33;1877,980;1,73;23,83;19029,4;42,150002
2020-11-23;18177,48438;575,758057;3578,86;26;36;1870,160;1,70;23,20;19005,1;45,529999
2020-11-30;19345,12109;601,908997;3631,26;21;33;1804,300;1,75;21,08;19086,4;46,259998
2020-12-07;19142,38281;589,663208;3677,85;16;25;1827,210;1,86;21,06;19192,0;46,57
2020-12-14;23477,29492;638,290833;3670,82;25;43;1842,480;1,89;22,70;19244,9;49,099998
2020-12-21;26272,29492;682,642334;3704,52;24;41;1865,160;1,93;22,81;19298,9;48,23
2020-12-28;32782,02344;975,50769;3703,92;40;63;1870,983;1,96;22,69;19316,5;48,52
2021-01-04;38356,44141;1262,246704;3728,95;100;99;1893,338;1,98;23,89;19385,2;52,240002
2021-01-11;35791,27734;1230,172241;3780,62;74;100;1910,780;2,06;23,68;19451,1;52,360001
2021-01-18;32289,37891;1391,609375;3793,71;61;61;1848,460;2,08;23,28;19426,2;52,27
2021-01-25;33114,35938;1314,986206;3840,13;64;60;1854,910;2,10;22,25;19307,5;52,200001
2021-02-01;38903,44141;1614,227783;3775,17;88;52;1849,950;2,11;30,75;19416,2;56,849998
2021-02-08;48717,28906;1805,084106;3866,13;99;90;1822,710;2,19;22,47;19454,0;59,470001
2021-02-15;57539,94531;1935,601074;3918,08;98;87;1833,430;2,21;21,21;19562,1;59,240002
2021-02-22;45137,76953;1416,04895;3912,22;88;90;1793,530;2,18;22,19;19571,5;61,5
2021-03-01;51206,69141;1723,153809;3869,82;63;60;1784,180;2,16;24,93;19658,8;66,09
