Date;Bitcoin;DeltaLogBit;Ethereum;DeltaLogEth;S&P500;GoTrend(E);GoTrend(B);Gold;Inflation;VIX;M2;Close
2015-08-10;258,506989;-0,010909601;1,56603;0,348526691;2091,69;1;2;1090,05;1,69;12,98;12064,7;42,5
2015-08-17;228,169006;-0,054215639;1,35259;-0,063633905;2089,5;1;2;1116,29;1,62;13,33;12097,8;40,450001
2015-08-24;228,761002;0,00112534;1,31927;-0,010832486;2015,27;0;2;1136,63;1,55;23,39;12042,4;45,220001
2015-08-31;239,839996;0,020539618;1,29583;-0,007785657;1951,37;0;1;1135,663;1,58;29,38;12077,4;46,049999
2015-09-07;230,511993;-0,017228083;0,936003;-0,141270789;1933,77;0;2;1131,59;1,55;27,73;12162;44,630001
2015-09-14;231,212006;0,001316856;0,938445;0,001131584;1955,56;1;2;1113,05;1,57;24,59;12188,2;44,68
2015-09-21;232,757004;0,002892377;0,720839;-0,114570549;1977,72;0;2;1121,25;1,56;21,49;12134,6;45,700001
2015-09-28;238,259003;0,010146562;0,668379;-0,032815479;1925,37;1;2;1134,27;1,47;23,86;12075,1;45,540001
2015-10-05;247,050003;0,015735543;0,634963;-0,022274377;1933,27;1;2;1120,39;1,45;22,87;12172,2;49,630001
2015-10-12;261,643005;0,024924265;0,517734;-0,088641733;2004,31;0;2;1148,76;1,55;17,69;12161,7;47,259998
2015-10-19;283,679993;0,035119579;0,616039;0,075501521;2017,71;0;2;1171,89;1,49;16,36;12168,5;44,599998
2015-10-26;325,431;0,059630213;1,05567;0,233919973;2049,71;1;2;1170,92;1,48;15,33;12134;46,59
2015-11-02;373,368011;0,059678185;1,02747;-0,01175903;2085,81;1;4;1155,96;1,51;14,72;12250,4;44,290001
2015-11-09;320,165985;-0,066761916;0,906368;-0,054464586;2097,96;1;2;1111,9;1,58;15,19;12293;40,740002
2015-11-16;324,536011;0,005887704;0,968018;0,028578869;2055,78;1;2;1089,39;1,53;17,59;12324,6;40,389999
2015-11-23;371,294006;0,058455044;0,878614;-0,042085314;2078,2;0;2;1075,58;1,57;16,75;12271,9;41,709999
2015-11-30;388,78299;0,019989317;0,8355;-0,021851665;2087,13;1;2;1067,2;1,61;15,59;12305,7;39,970001
2015-12-07;433,755005;0,047537244;0,952884;0,05709358;2080,1;1;3;1066,49;1,58;15,87;12370,4;35,619999
2015-12-14;442,684998;0,008850306;0,903885;-0,022926855;2039,55;1;2;1071,47;1,5;20,73;12408,3;34,73
2015-12-21;422,822998;-0,019936203;0,856365;-0,02345427;2037,01;0;2;1065,43;1,46;19,43;12463,4;38,099998
2015-12-28;430,010986;0,00732095;0,971905;0,054964907;2055,19;0;2;1073,467;1,5;16,21;12454,6;37,040001
2016-01-04;447,990997;0,017789735;0,999231;0,012042083;2049,58;0;2;1067,5;1,54;18,07;12487,9;33,16
2016-01-11;382,299011;-0,068866112;1,32747;0,123358816;1959,15;1;2;1092;1,5;23,25;12542,9;29,42
2016-01-18;402,971008;0,022870627;2,1412;0,20763252;1907,78;1;2;1087,79;1,41;24,67;12498,9;32,189999
2016-01-25;368,766998;-0,038521754;2,30604;0,032209601;1878,73;1;2;1095,67;1,33;25,36;12413,7;33,619999
2016-02-01;376,619995;0,009151325;2,96434;0,109061178;1911,91;1;2;1117,02;1,4;21,64;12456,6;30,889999
2016-02-08;407,230011;0,033936403;5,23973;0,247380894;1892,9;3;2;1146,35;1,33;22,97;12469,2;29,440001
2016-02-15;438,798004;0,032424867;4,65362;-0,051517991;1849,48;2;2;1208,7;1,21;26,59;12535,6;29,639999
2016-02-22;433,503998;-0,005271536;6,46835;0,143002594;1920,7;2;2;1208,79;1,27;21,59;12522,8;32,779999
2016-02-29;407,707001;-0,026644938;11,3829;0,245459409;1936,61;3;2;1230,31;1,38;20,23;12550,9;35,919998
2016-03-07;414,065002;0,006720355;14,475;0,104365652;1991,99;4;2;1250,08;1,5;17,14;12649,1;38,5
2016-03-14;413,755005;-0,000325264;10,3198;-0,146947292;1999,98;4;2;1259,68;1,5;17,7;12673;39,439999
2016-03-21;426,765015;0,01344555;10,4192;0,004163094;2036,98;3;2;1247,01;1,58;14,82;12675,2;39,459999
2016-03-28;420,903992;-0,006005765;11,6183;0,047308212;2039,88;4;2;1233,483;1,59;14,77;12725,6;36,790001
2016-04-04;421,563995;0,000680467;8,93634;-0,113982902;2063,52;2;2;1227,07;1,63;13,71;12816;39,720001
2016-04-11;427,398987;0,005969977;9,3091;0,017748012;2048,67;2;2;1235,4;1,58;15,46;12830,5;40,360001
2016-04-18;458,554993;0,030557938;8,00135;-0,065744428;2080,4;2;2;1242,54;1,56;13,88;12841,9;43,73
2016-04-25;451,875;-0,006373112;8,8465;0,043608214;2094,81;2;2;1244,67;1,63;13,55;12684,8;45,919998
2016-05-02;458,548004;0,006366493;9,48293;0,030171063;2081,88;2;3;1252,588;1,69;14,67;12701,2;44,66
2016-05-09;457,567993;-0,00092917;9,96235;0,021419251;2056,19;2;2;1282,11;1,62;15,37;12721,7;46,209999
2016-05-16;439,322998;-0,017671699;14,2861;0,15655189;2065,25;4;2;1272,22;1,6;14,49;12737,6;47,75
2016-05-23;526,232971;0,078394117;12,3504;-0,063232662;2047,05;5;2;1260,33;1,58;15,77;12691;49,330002
2016-05-30;574,97699;0,03847241;13,975;0,053670793;2088,94;4;3;1227,825;1,57;13,72;12678,3;48,619999
2016-06-06;672,783997;0,068225188;15,7437;0,051754989;2102,02;3;2;1218,76;1,54;13,83;12791,7;49,07
2016-06-13;763,781006;0,055093201;12,2342;-0,10953123;2104,37;7;4;1260,51;1,54;16,15;12831,2;47,98
2016-06-20;629,367004;-0,084064884;13,8502;0,053880469;2075,86;6;4;1287,23;1,44;19,56;12800;47,639999
2016-06-27;658,664001;0,019759958;11,7202;-0,072521022;2065,12;3;3;1290;1,43;21,3;12729,8;48,990002
2016-07-04;649,359985;-0,006178405;10,9476;-0,029616102;2077,17;4;3;1325,45;1,4;16,45;12860;45,41
2016-07-11;679,458984;0,019677722;11,1587;0,008294681;2110,65;3;2;1359,24;1,42;14,41;12858,7;45,950001
2016-07-18;661,284973;-0,011774591;12,7495;0,057879551;2159,39;4;2;1335,09;1,47;12,9;12860,9;44,189999
2016-07-25;624,68103;-0,024730336;11,8759;-0,030826621;2169,1;5;2;1323,6;1,49;12,27;12795,6;41,599998
2016-08-01;592,690002;-0,022830716;10,9116;-0,036778095;2170,05;4;3;1332,94;1,49;12,58;12888,1;41,799999
2016-08-08;570,473022;-0,01659249;11,1948;0,011127902;2169,77;2;2;1353,26;1,48;12,31;12962,2;44,490002
2016-08-15;581,307983;0,008171176;11,1792;-0,000605613;2183,44;1;2;1341,04;1,46;11,75;12967,3;48,52
2016-08-22;573,911987;-0,005560991;10,9293;-0,009818379;2182,78;2;2;1344,02;1,47;11,97;12938,7;47,639999
2016-08-29;608,633972;0,025510894;11,6799;0,028846777;2176,85;3;2;1331,3;1,48;13,21;12920,5;44,439999
2016-09-05;606,718994;-0,001368598;11,6384;-0,001545845;2174,48;2;2;1315,76;1,46;13;13030,9;45,880001
2016-09-12;609,874023;0,002252544;12,4312;0,028619774;2168,16;2;2;1337,99;1,51;13,83;13073,6;43,029999
2016-09-19;600,825989;-0,006491425;13,1009;0,022788078;2135,67;2;2;1320,22;1,5;16,64;13030,6;44,48
2016-09-26;610,892029;0,007215748;13,1997;0,003262929;2158,17;2;2;1327,93;1,53;13,61;12937,9;48,240002
2016-10-03;616,752014;0,004146118;12,0537;-0,039443682;2162,38;2;2;1325,61;1,57;13,27;13049,5;49,810001
2016-10-10;641,630981;0,017174749;11,9516;-0,003694329;2157,68;3;2;1273,15;1,63;13,26;13101,5;50,349998
2016-10-17;657,070984;0,010326964;12,036;0,003056129;2133,59;2;2;1255,79;1,65;16,06;13121,5;50,849998
2016-10-24;701,864014;0,028640686;11,1828;-0,031931621;2143,54;2;2;1266,31;1,67;13,96;13032,1;48,700001
2016-10-31;711,521973;0,005935341;10,8735;-0,012181199;2133,64;2;2;1270,52;1,72;15,26;13083;44,07
2016-11-07;702,031006;-0,005832023;10,1015;-0,031983491;2103;2;2;1292,35;1,7;20,24;13165,8;43,41
2016-11-14;731,026001;0,01757653;9,57928;-0,023053;2159,79;2;2;1269,54;1,82;15,3;13211,3;45,689999
2016-11-21;732,034973;0,000599006;8,99847;-0,027164195;2184,91;2;2;1221,53;1,87;13,14;13222,7;46,060001
2016-11-28;773,872009;0,024137308;7,44368;-0,082380978;2205,68;2;2;1198,93;1,89;12,58;13192,1;51,68
2016-12-05;769,731018;-0,002330151;8,19362;0,041688124;2198,24;2;2;1176;1,92;13,31;13266,8;51,5
2016-12-12;790,530029;0,011579384;7,86532;-0,017759422;2243,25;1;2;1168,09;1,95;12,21;13288,5;51,900002
2016-12-19;896,182983;0,054478321;7,17508;-0,039889649;2261,53;2;3;1144,64;1,9;12,52;13309,2;53,02
2016-12-26;998,325012;0,046875259;8,17257;0,056531901;2265,17;2;4;1132,175;1,93;11,4;13303,6;53,720001
2017-01-02;911,198975;-0,03965873;10,2898;0,100048284;2251,72;4;6;1148,55;1,96;13,09;13353,7;53,990002
2017-01-09;821,797974;-0,044848156;9,90426;-0,016584901;2268,69;3;4;1168,34;1,97;11,85;13377,3;52,369999
2017-01-16;924,672974;0,051223098;10,7032;0,033691608;2272,33;2;3;1195,3;1,98;11,38;13341,7;52,419998
2017-01-23;919,495972;-0,002438333;10,484;-0,008986628;2268;2;3;1209,24;2,01;12,09;13242,1;53,169998
2017-01-30;1027,339966;0,048164352;11,353;0,034583626;2290,14;2;3;1196,48;2,07;10,99;13188,2;53,830002
2017-02-06;999,18103;-0,012070003;11,3992;0,001763736;2285,85;2;3;1213,55;2,04;11,61;13285,3;53,860001
2017-02-13;1047,869995;0,020663225;12,7585;0,048925244;2307,99;3;3;1232,7;1,99;11,11;13305,4;53,400002
2017-02-20;1165,199951;0,046093053;14,52;0,056166998;2346,3;3;4;1233,66;2,03;11,49;13308,1;53,990002
2017-02-27;1267,119995;0,036417286;19,302299;0,123642422;2365,82;9;4;1243,03;2,02;11,72;13330,3;53,330002
2017-03-06;1221,380005;-0,015966938;23,4377;0,084305952;2379,99;5;5;1240,23;2,02;11,89;13455,8;48,490002
2017-03-13;1036,73999;-0,071180955;44,740101;0,280781969;2368,46;17;4;1209,19;2,01;11,72;13509,9;48,779999
2017-03-20;966,724976;-0,030366912;50,521599;0,052780127;2376,76;11;4;1218,63;2,01;11,55;13509;47,970001
2017-03-27;1102,170044;0,056945664;48,748699;-0,015514058;2344,8;10;3;1245,39;1,97;12,77;13477,8;50,599998
2017-04-03;1187,869995;0,032520309;43,266998;-0,051806266;2361,86;8;3;1249,08;1,97;11,85;13589,5;52,240002
2017-04-10;1182,939941;-0,001806217;48,718498;0,051537127;2356,66;6;3;1256,56;1,95;12,8;13640,2;53,18
2017-04-17;1207,209961;0,008820115;48,4893;-0,002047976;2344,17;7;3;1271,367;1,9;15,37;13680,7;49,619999
2017-04-24;1347,890015;0,047871646;79,021202;0,212097717;2351,81;11;3;1280,05;1,85;13,79;13476;49,330002
2017-05-01;1596,709961;0,073571578;94,007301;0,075417953;2387,47;21;5;1266,325;1,91;10,58;13456,6;46,220001
2017-05-08;1808,910034;0,054190933;90,786499;-0,015140315;2393,5;15;7;1242,94;1,87;10,41;13479,4;47,84
2017-05-15;2041,199951;0,052468581;157,936996;0,240462605;2396,84;17;7;1225,7;1,85;10,32;13497,8;50,330002
2017-05-22;2155,800049;0,023722928;170,511002;0,033268533;2379,83;60;17;1249,42;1,81;12,77;13474,6;49,799999
2017-05-29;2511,810059;0,066378318;245,332001;0,158001795;2408,43;46;10;1258,338;1,81;10,14;13460,4;47,66
2017-06-05;2958,110107;0,07102754;340,609009;0,14250193;2425,99;56;10;1266,88;1,8;10,1;13562;45,830002
2017-06-12;2548,290039;-0,064765479;371,458008;0,037653595;2431,48;84;10;1281,77;1,77;10,63;13555,6;44,740002
2017-06-19;2589,409912;0,006951949;303,247986;-0,0881118;2439,47;68;8;1259,5;1,69;10,54;13534,9;43,009998
2017-06-26;2506,469971;-0,0141383;287,987;-0,022425041;2436,9;61;8;1248,42;1,68;10,4;13456,4;46,040001
2017-07-03;2518,439941;0,002069093;242,136993;-0,075311739;2426,44;36;7;1245,41;1,73;10,99;13568,8;44,23
2017-07-10;1929,819946;-0,115614808;157,363007;-0,187158499;2423,73;47;7;1219,68;1,74;11,48;13624,4;46,540001
2017-07-17;2730,399902;0,150709469;225,951004;0,15711163;2447;47;9;1220,3;1,76;10,08;13614;45,77
2017-07-24;2757,179932;0,004238849;197,977997;-0,057397349;2470,07;29;8;1243,32;1,77;9,61;13529,5;49,709999
2017-07-31;3213,939941;0,066572648;261,566986;0,120966002;2474,56;27;12;1257,08;1,82;9,94;13586,8;49,580002
2017-08-07;4073,26001;0,102904377;298,063995;0,05672659;2476,76;37;11;1264,47;1,79;10,15;13676,6;48,82
2017-08-14;4087,659912;0,001532622;301,428009;0,004874087;2458,86;33;16;1275,54;1,8;13,19;13667,5;48,509998
2017-08-21;4382,879883;0,030284813;347,893005;0,062262092;2443,33;30;12;1284,725;1,77;13,36;13663;47,869999
2017-08-28;4582,959961;0,019386494;347,484009;-0,000510873;2444,56;35;13;1286,125;1,75;11,69;13631,9;47,290001
2017-09-04;4122,939941;-0,045939055;288,747009;-0,080417329;2463,02;30;12;1318,56;1,76;10,91;13721,4;47,48
2017-09-11;3582,879883;-0,06097476;251,748993;-0,059549752;2467,61;26;15;1340,28;1,8;11,65;13749,9;49,889999
2017-09-18;3682,840088;0,011950613;282,483002;0,050024578;2498,91;22;11;1324,18;1,85;10,37;13726,4;50,66
2017-09-25;4403,740234;0,077638831;302,337006;0,029498988;2502,87;18;9;1302,64;1,85;9,89;13618,6;51,669998
2017-10-02;4610,47998;0,019924447;308,608002;0,008915875;2512,48;17;9;1288,51;1,85;9,71;13743,2;49,290001
2017-10-09;5678,189941;0,090463775;336,595001;0,037700479;2543,69;22;14;1275;1,86;9,66;13783;51,450001
2017-10-16;6008,419922;0,024550361;295,446014;-0,056629527;2553,52;27;14;1294,66;1,87;9,87;13793,9;51,470001
2017-10-23;6153,850098;0,010386636;305,088013;0,013947009;2564,58;21;15;1281,85;1,85;10,29;13709,4;53,900002
2017-10-30;7407,410156;0,08051948;296,263;-0,012747728;2568,12;26;22;1273,97;1,88;10,8;13716,1;55,639999
2017-11-06;5950,069824;-0,09514433;307,90799;0,016743542;2582,69;28;23;1275,39;1,87;9,77;13827,1;56,740002
2017-11-13;8036,490234;0,130544359;354,385986;0,061055581;2587,36;26;26;1281,09;1,88;10,59;13830,3;56,549999
2017-11-20;9330,549805;0,064840814;471,329987;0,123848532;2578,02;45;22;1282,66;1,85;11,71;13826;58,950001
2017-11-27;11323,2002;0,084061951;465,852997;-0,005076178;2599,99;69;64;1287,59;1,84;9,79;13808,5;58,360001
2017-12-04;15455,40039;0,135111075;441,721008;-0,023100839;2636,47;80;95;1285,45;1,85;11,02;13883,2;57,360001
2017-12-11;19140,80078;0,092879843;719,974976;0,212169347;2641,46;98;82;1259,7;1,87;10,29;13940,2;57,299999
2017-12-18;13925,79981;-0,138139955;694,14801;-0,015865319;2668,99;89;100;1251,3;1,88;9,91;13971;58,470001
2017-12-25;14156,40039;0,00713269;756,732971;0,037490574;2682,16;58;57;1265,738;1,93;9,82;13939,6;60,419998
2018-01-01;16477,59961;0,065941108;1153,170044;0,182950695;2681,07;78;40;1291,167;1,95;10,49;13968;61,439999
2018-01-08;13772;-0,077896932;1366,77002;0,073802092;2724,74;100;39;1315,56;2;9,38;13974,8;64,300003
2018-01-15;11600,09961;-0,074535296;1049,579956;-0,114679916;2763,33;83;53;1326,47;2,02;9,99;13925,8;63,369999
2018-01-22;11786,29981;0,006915766;1246,01001;0,074506003;2804,06;44;33;1334,4;2,05;11,62;13828,8;66,139999
2018-01-29;8277,009766;-0,153504016;834,682007;-0,17400048;2848,46;47;35;1350,12;2,08;11,81;13750,5;65,449997
2018-02-05;8129,970215;-0,007784513;814,659973;-0,010544673;2775,86;46;44;1342,45;2,11;19,29;13844,6;59,200001
2018-02-12;10551,79981;0,113237589;923,921021;0,05465847;2646,67;29;23;1324,39;2,08;29,17;13840,5;61,68
2018-02-19;9664,730469;-0,038136796;844,809998;-0,038875803;2706,25;25;21;1343,97;2,09;20,71;13847,3;63,549999
2018-02-26;11512,59961;0,075983654;866,677979;0,011098717;2729,69;19;15;1331,49;2,12;18,33;13846,3;61,25
2018-03-05;9578,629883;-0,079870008;723,338989;-0,078515887;2709,59;19;17;1321,47;2,12;19,85;13998,3;62,040001
2018-03-12;8223,679688;-0,066237206;538,643982;-0,128040063;2752,7;21;17;1323,89;2,12;16,62;14020,5;62,34
2018-03-19;8495,780273;0,014137085;524,286987;-0,011732734;2745,41;21;16;1319,75;2,08;17;14024,2;65,879997
2018-03-26;6844,22998;-0,093878677;379,606995;-0,140234872;2663,87;22;15;1329,74;2,08;21,06;13999,7;64,940002
2018-04-02;7023,52002;0,01123023;400,507996;0,023276984;2610,09;19;14;1338,533;2,06;22,24;14156,6;62,060001
2018-04-09;8329,110352;0,074043791;531,702026;0,123057124;2627,92;15;14;1332,18;2,08;20,67;14154,3;67,389999
2018-04-16;8802,459961;0,024005442;621,859985;0,068024297;2659,44;16;12;1342,44;2,11;18,63;14175,8;68,379997
2018-04-23;9419,080078;0,029404431;688,880981;0,044451583;2689,72;18;14;1341,11;2,16;16,01;14020,7;68,099998
2018-04-30;9654,799805;0,010734784;792,310974;0,060751477;2651,77;19;10;1321,78;2,17;16,69;13937;69,720001
2018-05-07;8723,94043;-0,044030582;733,495972;-0,033497938;2651,25;19;11;1310,65;2,16;15,38;13996,4;70,699997
2018-05-14;8513,25;-0,010617304;715,369019;-0,010867605;2710,13;14;10;1315,44;2,16;13,39;14012,7;71,279999
2018-05-21;7368,220215;-0,06273279;572,66803;-0,096627189;2720;14;18;1292,74;2,16;13,6;13996,8;67,879997
2018-05-28;7720,25;0,020268767;618,328979;0,033316662;2726,71;10;17;1297,05;2,13;12,89;13980,3;65,809998
2018-06-04;6786,02002;-0,056016227;526,479004;-0,069838545;2720,13;10;15;1299,59;2,08;14,72;14101,7;65,739998
2018-06-11;6499,27002;-0,018750556;500,447998;-0,0220221;2770,51;16;23;1296,21;2,13;12,14;14111,8;65,059998
2018-06-18;6173,22998;-0,022352124;457,671997;-0,038804616;2779,68;10;20;1295,87;2,12;12,34;14128,9;68,580002
2018-06-25;6385,819824;0,014704204;453,917999;-0,003576937;2750,32;11;20;1271,09;2,11;14,38;14008,4;74,150002
2018-07-02;6773,879883;0,025620831;489,118988;0,032437119;2716,82;10;16;1252,8;2,12;16,47;14133,4;73,800003
2018-07-09;6359,640137;-0,02740495;449,850006;-0,036346792;2748,46;10;16;1254,41;2,13;14,29;14170;71,010002
2018-07-16;7418,490234;0,066882988;459,657013;0,00936616;2793,18;10;20;1246,79;2,11;12,77;14160,5;70,459999
2018-07-23;8218,459961;0,044474914;466,665009;0,006571348;2807,69;10;20;1227,76;2,1;12,5;14078,5;68,690002
2018-07-30;7068,47998;-0,065464411;410,515991;-0,055675159;2825,07;10;17;1224,88;2,12;12,83;14090,3;68,489998
2018-08-06;6322,689941;-0,048424147;319,570007;-0,108764067;2829,52;12;18;1215,85;2,12;12,22;14190,8;67,629997
2018-08-13;6506,069824;0,012416835;300,834015;-0,026239072;2844,99;21;18;1211,86;2,11;12,2;14198,9;65,910004
2018-08-20;6707,259766;0,013226407;275,196991;-0,038683259;2841,24;11;16;1185,42;2,08;13,31;14188;68,720001
2018-08-27;7272,720215;0,035151754;294,371002;0,029251345;2870,64;9;15;1192,05;2,09;12,33;14151,9;69,800003
2018-09-03;6300,859863;-0,06229706;196,923996;-0,174596386;2903,55;11;16;1205,59;2,1;12,79;14244;67,75
2018-09-10;6517,180176;0,014659907;220,589005;0,049285222;2882,44;13;15;1198,26;2,09;14,15;14248,7;68,989998
2018-09-17;6710,629883;0,012703559;244,330002;0,044392937;2894,95;8;13;1200,29;2,11;12,9;14254,7;70,779999
2018-09-24;6625,560059;-0,005540691;232,848007;-0,020904273;2918,41;8;12;1202,35;2,15;12,04;14135,3;73,25
2018-10-01;6602,950195;-0,001484574;226,119003;-0,012735463;2914,82;8;11;1192,61;2,15;12,37;14223,9;74,339996
2018-10-08;6290,930176;-0,021023157;195,714996;-0,062712959;2904,11;7;11;1198,3;2,15;13,68;14235,5;71,339996
2018-10-15;6482,350098;0,013017618;205,141998;0,020430478;2782,46;7;11;1205,33;2,14;21,3;14265,4;69,120003
2018-10-22;6486,390137;0,000270584;205,365997;0,000473957;2782,31;6;10;1226,27;2,12;18,92;14211,4;67,589996
2018-10-29;6376,129883;-0,007445911;207,485992;0,004460244;2680,46;6;10;1233,24;2,07;23,8;14174,7;63,139999
2018-11-05;6411,27002;0,002386913;211,339996;0,007992913;2719,22;6;10;1225,61;2,05;20,68;14265,5;60,189999
2018-11-12;5623,540039;-0,056934277;177,067001;-0,076844063;2776,68;6;15;1223,89;2,06;18,16;14254,8;56,459999
2018-11-19;4009,969971;-0,146868671;116,449997;-0,18199815;2716,19;8;20;1209,79;2,01;19,9;14293;50,419998
2018-11-26;4139,87793;0,013846415;116,388901;-0,000227914;2649,46;7;23;1224,83;1,97;20,93;14243,5;50,93
2018-12-03;3614,234375;-0,058971223;95,142059;-0,087539021;2742,85;10;18;1223,24;1,95;18,16;14371,7;52,610001
2018-12-10;3252,839111;-0,045753729;85,2621;-0,047616521;2666,7;6;18;1239,97;1,9;21,95;14415,7;51,200001
2018-12-17;3998,980225;0,089686673;130,765259;0,185736353;2616,86;7;18;1243,14;1,82;22;14436,1;45,59
2018-12-24;3865,952637;-0,014692728;139,859451;0,029199441;2457,65;8;15;1254,25;1,78;29,14;14503,7;45,330002
2018-12-31;4076,632568;0,023045041;157,746201;0,05226709;2487,28;10;12;1276,667;1,74;28,53;14551,4;47,959999
2019-01-07;3552,953125;-0,059712092;116,897804;-0,130152556;2509,89;8;13;1289,25;1,73;22,86;14556,7;51,59
2019-01-14;3601,013672;0,005835292;119,474831;0,009470072;2586,98;7;10;1288,82;1,82;19,44;14508;53,799999
2019-01-21;3583,96582;-0,002060911;113,405289;-0,022643115;2633,27;5;10;1287,52;1,81;18,38;14416,3;53,689999
2019-01-28;3464,013428;-0,014784292;107,492668;-0,023254467;2644,51;5;10;1286,67;1,79;19,1;14347,1;55,259998
2019-02-04;3690,188232;0,027468953;124,806488;0,06485832;2691,31;5;11;1315,11;1,84;17,05;14411,8;52,720001
2019-02-11;3673,836182;-0,001928733;133,598877;0,029565645;2718,61;5;10;1310,36;1,84;15,8;14415,9;55,59
2019-02-18;3810,42749;0,015853915;135,852661;0,007265342;2754,77;8;11;1314,07;1,85;15,55;14416,1;57,259998
2019-02-25;3847,175781;0,004168328;132,24942;-0,011674373;2785,62;7;11;1332,35;1,9;14,34;14395,5;55,799999
2019-03-04;3951,599854;0,011630931;136,758682;0,014561131;2793,45;4;10;1315,37;1,94;14,57;14541;56,07
2019-03-11;4025,229004;0,008017633;140,000549;0,010174832;2767,28;5;9;1289,48;1,91;15,49;14584,7;58,52
2019-03-18;4022,168213;-0,000330364;136,986923;-0,009450628;2813,27;4;10;1302,51;1,93;13,33;14595,4;59,040001
2019-03-25;4105,404297;0,008895703;141,514099;0,0141206;2822,15;4;10;1311,82;1,93;14,78;14556;60,139999
2019-04-01;5198,896973;0,102555279;174,531647;0,091074476;2828,17;7;19;1304,69;1,86;14,27;14676,4;63,080002
2019-04-08;5167,722168;-0,002612054;167,838516;-0,016982556;2881,71;6;16;1291,33;1,9;13,34;14724,4;63,889999
2019-04-15;5314,53125;0,012165808;170,046524;0,005676128;2893,54;5;12;1298,84;1,94;12,99;14746,8;64
2019-04-22;5285,13916;-0,002408538;157,295074;-0,033852637;2905,13;6;13;1278,783;1,95;12,32;14613,6;63,299999
2019-04-29;5795,708496;0,040050107;163,450699;0,01667166;2934;5;12;1277,75;1,96;12,9;14498,8;61,939999
2019-05-06;6972,371582;0,08027399;187,325317;0,059209694;2933,04;6;17;1277,113;1,92;14,13;14576,1;61,66
2019-05-13;8197,689453;0,070310938;261,292206;0,144529979;2865,49;13;29;1284,3;1,86;18,88;14573,5;62,759998
2019-05-20;8673,21582;0,024488691;267,069641;0,009498067;2852,29;8;22;1290,62;1,83;16,41;14597,7;58,630001
2019-05-27;8742,958008;0,003478239;270,225525;0,005101847;2842,23;9;22;1276,863;1,78;15,62;14587,6;53,5
2019-06-03;7688,077148;-0,05584066;233,0867;-0,064208876;2774,16;5;18;1290,76;1,74;18,05;14719,8;53,990002
2019-06-10;8994,488281;0,068158728;269,223206;0,062594998;2846,6;6;16;1332,18;1,74;16,25;14761,4;52,509998
2019-06-17;10855,37109;0,081668214;307,827789;0,058195331;2886,77;9;27;1336,15;1,67;15,67;14802,4;57,43
2019-06-24;10817,15527;-0,001531611;290,695984;-0,024868791;2938,84;13;44;1372,48;1,7;14,98;14681,3;58,470001
2019-07-01;11450,84668;0,024724536;305,700562;0,021857205;2932,43;8;25;1408,36;1,69;15,49;14800,5;57,509998
2019-07-08;10256,05859;-0,047857107;227,578064;-0,128165839;2983,8;16;24;1410,55;1,67;13,19;14876,7;60,209999
2019-07-15;10599,10547;0,014288721;225,630768;-0,003732077;3000,14;19;23;1405,66;1,75;13,02;14832,2;55,630001
2019-07-22;9552,860352;-0,045135785;211,186554;-0,028732058;2989,04;4;18;1419,86;1,79;13,67;14800;56,200001
2019-07-29;10970,18457;0,060080505;222,669724;0,022994907;3015,11;5;16;1421,33;1,79;12,48;14811,5;55,66
2019-08-05;11523,5791;0,021373453;216,092865;-0,013020743;2944,78;4;20;1431,78;1,7;18,03;14946,2;54,5
2019-08-12;10345,81055;-0,046822866;194,49353;-0,045735269;2901,25;5;17;1490,47;1,63;19,13;14929,3;54,869999
2019-08-19;10138,51758;-0,008790063;186,842392;-0,01742974;2885,37;4;16;1510,72;1,57;19,23;14914,7;54,169998
2019-08-26;9757,970703;-0,016614949;171,629425;-0,036883671;2894,68;5;14;1499,125;1,54;17,83;14853;55,099998
2019-09-02;10441,27637;0,029394081;181,35553;0,023939055;2902,04;3;13;1532,03;1,56;19,13;14968,1;56,52
2019-09-09;10347,71289;-0,003909221;189,789124;0,019740518;2955,44;4;12;1525,75;1,54;16,71;15018,9;54,849998
2019-09-16;10070,39258;-0,011797969;211,54538;0,047132224;2999,05;5;11;1499,91;1,63;14,49;15025,3;58,09
2019-09-23;8104,185547;-0,094337026;170,503479;-0,0936703;3000,61;4;17;1504,7;1,62;14,53;14955,2;55,91
2019-09-30;7988,155762;-0,006262851;173,059143;0,006461304;2973,52;4;13;1508,38;1,56;16,51;15035,2;52,810001
2019-10-07;8321,005859;0,017729303;182,07515;0,022056128;2925,86;4;13;1493,16;1,5;18,63;15136,8;54,700001
2019-10-14;8222,078125;-0,005194229;175,534378;-0,015888492;2937,4;3;11;1500,83;1,51;17,33;15148,5;53,779999
2019-10-21;9551,714844;0,06509975;184,242218;0,021026969;2995,25;3;15;1488,15;1,59;13,85;15139,5;56,66
2019-10-28;9235,354492;-0,014627778;182,425018;-0,004304755;3014,55;4;14;1496,05;1,63;13,59;15100,9;56,200001
2019-11-04;9055,526367;-0,008539871;189,47728;0,016472744;3053,28;3;12;1501,67;1,59;12,78;15243;57,240002
2019-11-11;8577,975586;-0,023528894;185,119232;-0,010105602;3083,33;4;11;1481,92;1,69;12,64;15245,1;57,720001
2019-11-18;7047,916992;-0,085324025;142,834702;-0,112617807;3105;4;13;1462,02;1,65;12,65;15304,4;57,77
2019-11-25;7424,29248;0,022594292;151,18573;0,024677068;3115,22;4;13;1468,05;1,62;12,6;15254;55,169998
2019-12-02;7564,345215;0,008116268;151,264725;0,000226861;3137,25;4;11;1457,77;1,63;12,71;15349,7;59,200001
2019-12-09;7152,301758;-0,024325511;143,11499;-0,024052538;3121,05;3;11;1471,86;1,67;14,95;15359,3;60,07
2019-12-16;7511,588867;0,02128598;132,372513;-0,033887311;3160,59;4;12;1471,04;1,71;13,88;15451,2;60,439999
2019-12-23;7422,652832;-0,005172661;134,75798;0,007756679;3206,85;4;11;1478,51;1,76;12,5;15464,2;61,720001
2019-12-30;7411,317383;-0,000663737;136,276779;0,004867368;3231,15;4;12;1504,317;1,74;13,39;15475,7;63,049999
2020-01-06;8192,494141;0,043520728;145,873932;0,029555829;3242,44;5;14;1541,95;1,77;13,53;15507,7;59,040001
2020-01-13;8706,245117;0,026414751;166,969849;0,058660365;3263,68;6;14;1559,27;1,75;12,93;15475,9;58,540001
2020-01-20;8596,830078;-0,005492547;168,077103;0,002870499;3304,72;5;12;1553,56;1,75;12,31;15429,1;54,189999
2020-01-27;9344,365234;0,036211462;188,617538;0,050073518;3301,44;6;13;1562,74;1,69;14,31;15316,3;51,560001
2020-02-03;10116,67383;0,034487943;228,578568;0,083453436;3261,55;8;14;1578,18;1,64;16,99;15381,7;50,32
2020-02-10;9934,433594;-0,007894637;259,894714;0,055761939;3331,57;11;17;1565,55;1,66;15,33;15384,3;52,049999
2020-02-17;9924,515625;-0,000433791;273,75415;0,022563265;3372,83;8;15;1573,22;1,66;14,19;15415,4;53,380001
2020-02-24;8562,454102;-0,064111063;218,970596;-0,096974911;3338,66;6;15;1624,82;1,63;17,38;15350,4;44,759998
2020-03-02;8108,116211;-0,023678292;200,689056;-0,03786211;3053,56;5;13;1637,3;1,48;33,62;15515,6;41,279999
2020-03-09;5392,314941;-0,177144715;125,214302;-0,204869753;2975,27;7;26;1650,98;1,32;40,97;15651,1;31,73
2020-03-16;5830,254883;0,033912292;123,321152;-0,006616364;2640,28;6;24;1609,87;0,9;63,44;15846,6;22,43
2020-03-23;5922,042969;0,006784013;125,583733;0,007895815;2375,8;5;18;1491,6;0,66;70,4;16220,3;21,51
2020-03-30;6791,129395;0,059470451;143,546646;0,058059661;2544,22;4;15;1617,24;1;61,85;16642,5;28,34
2020-04-06;6971,091797;0,011358796;161,142426;0,050216848;2546,86;6;15;1606,66;1,01;50,71;16801,2;22,76
2020-04-13;7189,424805;0,013393344;181,61496;0,051941722;2740,21;5;14;1654,583;1,21;43,22;16948,7;18,27
2020-04-20;7679,867188;0,028659564;197,317535;0,036014062;2825,34;7;14;1704,81;1,09;40,14;17209,2;16,940001
2020-04-27;8897,46875;0,063912762;210,933151;0,028979159;2809,78;8;21;1710,66;1,07;39,6;17348,3;19,780001
2020-05-04;8756,430664;-0,006939358;188,599564;-0,048604156;2877,76;8;23;1701,52;1,1;34,42;17564,6;24,74
2020-05-11;9670,739258;0,043132561;207,158691;0,040762474;2891,63;7;28;1695,663;1,11;30,94;17702,6;29,43
2020-05-18;8790,368164;-0,041452609;202,370346;-0,010156284;2872,05;7;18;1722,29;1,1;32,42;17834,6;33,25
2020-05-25;9461,058594;0,031932667;230,975708;0,057419433;2949,63;7;15;1737,638;1,14;29,05;17809,9;35,490002
2020-06-01;9758,852539;0,013459023;245,167252;0,025896152;3031,53;9;16;1722,33;1,16;27,99;17940,9;39,549999
2020-06-08;9386,788086;-0,016881742;234,1147;-0,020033775;3148,47;7;15;1713,17;1,23;25,73;18053,3;36,259998
2020-06-15;9303,629883;-0,003864588;228,989822;-0,009612504;3101,46;7;13;1720,66;1,24;33,28;18142;39,75
2020-06-22;9143,582031;-0,007536059;225,347168;-0,006964075;3113,83;6;13;1730,46;1,29;33,39;18134,3;38,490002
2020-06-29;9073,942383;-0,003320348;227,664597;0,004443396;3065,53;5;13;1764,35;1,34;32,79;18188,1;40,650002
2020-07-06;9276,5;0,009588132;242,131699;0,026756149;3131,47;8;13;1775,8;1,39;28,67;18370;40,549999
2020-07-13;9185,817383;-0,004266342;238,487518;-0,006585996;3161,51;6;15;1800,22;1,41;29,25;18374;40,59
2020-07-20;9905,166992;0,032743994;309,643616;0,113396477;3223,24;10;13;1805,06;1,43;27,08;18273,4;41,290001
2020-07-27;11053,61426;0,047642503;370,671722;0,078127325;3244,8;18;22;1878,19;1,5;25,16;18140,8;40,27
2020-08-03;11675,73926;0,023780083;391,120453;0,023321072;3257,77;19;22;1957,17;1,54;24,61;18252,6;41,220001
2020-08-10;11892,80371;0,007999863;433,786621;0,044965626;3339,04;15;18;2029,53;1,61;22,75;18319,8;42,009998
2020-08-17;11664,84766;-0,00840518;391,384491;-0,044672541;3368,46;12;17;1951,49;1,66;22,37;18392,5;42,34
2020-08-24;11711,50586;0,001733669;428,395721;0,039241512;3395,72;9;14;1961,35;1,66;22,34;18292,4;42,970001
2020-08-31;10280,35156;-0,056604773;353,362274;-0,083624943;3483,04;14;15;1934,65;1,74;23,83;18411,2;39,77
2020-09-07;10323,75586;0,001829759;365,570007;0,014750376;3497,38;9;13;1951,41;1,71;29,26;18545,5;37,330002
2020-09-14;10938,27148;0,025110972;371,052826;0,006465187;3358,9;8;12;1936,12;1,68;28,54;18630;41,110001
2020-09-21;10774,42676;-0,006554525;357,321686;-0,016376369;3348,85;7;11;1950,02;1,66;26,34;18583,7;40,25
2020-09-28;10684,42871;-0,003642868;353,121918;-0,0051347;3289,83;6;11;1872,59;1,6;27,3;18525,5;37,049999
2020-10-05;11384,18164;0,027550511;375,142059;0,026271083;3367,27;6;11;1893,48;1,64;26,99;18667,3;40,599998
2020-10-12;11483,35938;0,00376714;378,213684;0,00354148;3447,72;7;12;1904,81;1,71;26,79;18681,4;40,880001
2020-10-19;13031,17383;0,054914582;406,217773;0,031021683;3478,93;9;19;1905,43;1,7;27,21;18737,7;39,849998
2020-10-26;13737,10938;0,022911818;396,358185;-0,01067109;3439,71;9;18;1910,87;1,74;29,22;18676,5;35,790001
2020-11-02;15479,56738;0,051863463;453,554779;0,058541916;3310,4;8;18;1887,03;1,71;37,27;18866;37,139999
2020-11-09;15955,58789;0,013153992;447,559082;-0,005779373;3476,6;12;21;1922,12;1,68;28,66;18945,1;40,130001
2020-11-16;18370,00195;0,061196392;558,068115;0,095836836;3573,45;17;33;1877,98;1,73;23,83;19029,4;42,150002
2020-11-23;18177,48438;-0,004575422;575,758057;0,013552814;3578,86;26;36;1870,16;1,7;23,2;19005,1;45,529999
2020-11-30;19345,12109;0,027037672;601,908997;0,019290811;3631,26;21;33;1804,3;1,75;21,08;19086,4;46,259998
2020-12-07;19142,38281;-0,004575455;589,663208;-0,008926804;3677,85;16;25;1827,21;1,86;21,06;19192;46,57
2020-12-14;23477,29492;0,088652059;638,290833;0,034414576;3670,82;25;43;1842,48;1,89;22,7;19244,9;49,099998
2020-12-21;26272,29492;0,048849955;682,642334;0,02917461;3704,52;24;41;1865,16;1,93;22,81;19298,9;48,23
2020-12-28;32782,02344;0,096137746;975,50769;0,15503748;3703,92;40;63;1870,983;1,96;22,69;19316,5;48,52
2021-01-04;38356,44141;0,068202551;1262,246704;0,111913548;3728,95;100;99;1893,338;1,98;23,89;19385,2;52,240002
2021-01-11;35791,27734;-0,03006111;1230,172241;-0,011178322;3780,62;74;100;1910,78;2,06;23,68;19451,1;52,360001
2021-01-18;32289,37891;-0,044717507;1391,609375;0,053551423;3793,71;61;61;1848,46;2,08;23,28;19426,2;52,27
2021-01-25;33114,35938;0,010956666;1314,986206;-0,024596149;3840,13;64;60;1854,91;2,1;22,25;19307,5;52,200001
2021-02-01;38903,44141;0,069971663;1614,227783;0,089043621;3775,17;88;52;1849,95;2,11;30,75;19416,2;56,849998
2021-02-08;48717,28906;0,097695093;1805,084106;0,048532624;3866,13;99;90;1822,71;2,19;22,47;19454;59,470001
2021-02-15;57539,94531;0,072286331;1935,601074;0,030318412;3918,08;98;87;1833,43;2,21;21,21;19562,1;59,240002
2021-02-22;45137,76953;-0,10542935;1416,04895;-0,135737588;3912,22;88;90;1793,53;2,18;22,19;19571,5;61,5
2021-03-01;51206,69141;0,054786621;1723,153809;0,085245778;3869,82;63;60;1784,18;2,16;24,93;19658,8;66,09
